<?xml version="1.0" encoding="utf-8"?>
<openerp>
  <data>
    <template id="SO_7_document" name="Military Template">
        <!-- Multicompany -->
        <t t-if="doc and 'company_id' in doc">
            <t t-set="company" t-value="doc.company_id"></t>
        </t>
        <t t-if="not doc or not 'company_id' in doc">
            <t t-set="company" t-value="res_company"></t>
        </t>
        <div class="header col-xs-12" t-attf-style="padding-bottom:0px; padding-left:0px; padding-right:0px; color:{{style.text_color}} !important;font-size:{{style.header_font}}px !important;font-family:{{style.font_family}} !important;">
            <t t-if="style.header">
            <div class="col-xs-12 mb8 text-center" t-attf-style="border-bottom:2px dashed {{style.theme_color}}">
                <h2 t-attf-style="color:{{style.theme_color}}">
                    <span class="fa fa-star" aria-hidden="true"/>  
                    <span t-if="doc.state not in ['draft','sent']">ORDER </span>
                    <span t-if="doc.state in ['draft','sent']">QUOTATION </span>
                    <span class="fa fa-star" aria-hidden="true"/>  
                </h2>
                <div class="col-xs-1"/>
                <div  class="col-xs-10">
                    <t t-call="professional_templates.company_address"/>
                    <div t-if="company.twitter or company.facebook or company.facebook" t-attf-style="display:inline-block; width:auto; padding-left:15px; padding-right:15px; padding-top:4px; padding-bottom:2px;" class="mb8">
                        <span t-if="company.twitter" class="fa fa-twitter-square "/>&#160;<span t-field="company.twitter"/> &#160;
                        <span t-if="company.facebook" class="fa fa-facebook-square "/>&#160;<span t-field="company.facebook"/> &#160; 
                        <span t-if="company.googleplus" class="fa fa-google-plus-square "/>&#160;<span t-field="company.googleplus"/> 
                    </div>
                </div>
                <div class="col-xs-1"/>
            </div>
        </t>
        </div> <!--end of Header-->
		<!-- START OF PAGE -->
                <div class="article page" t-attf-style="color:{{style.text_color}} !important;font-size:{{style.body_font}}px !important;font-family:{{style.font_family}} !important;">
<div class="col-xs-12" t-attf-style="white-space:pre-line;color:#{style.wm_color};left:#{style.leftpadding}mm; top:#{style.toppadding}mm;font-size:#{style.fontsize}px; opacity:#{style.opacity};z-index:-99; -webkit-transform:rotate(-#{style.rotate}deg);position:fixed;"><t t-esc="style.wm_eval(doc, time, user, res_company)"/></div>
                    <t t-set="div_class" t-value="'col-xs-3' if doc.partner_shipping_id and doc.partner_shipping_id != doc.partner_id else 'col-xs-4'"></t>
                    <div t-attf-class="#{div_class}">
                        <span t-if="doc.partner_shipping_id and doc.partner_shipping_id != doc.partner_id" t-attf-style="font-size:{{style.body_font+6}}px; font-weight:bold;">
                            Bill To:</span>
                        <span t-if="doc.partner_shipping_id == doc.partner_id or not doc.partner_shipping_id" t-attf-style="font-size:{{style.body_font+6}}px; font-weight:bold;">
                            Bill&#160;&amp;&#160;Ship To:
                        </span>
                        <div t-if="doc.partner_id" t-attf-style="color:{{style.cust_color}};font-size:{{style.body_font+6}}px;font-weight:500;"> 
                            <t t-if="doc.partner_id.parent_id">
                                <span t-field="doc.partner_id.parent_id"/>, <span t-if="doc.partner_id.title" t-field="doc.partner_id.title"/> <span t-field="doc.partner_id.name"/>
                                </t>
                                <t t-if="not doc.partner_id.parent_id">
                                <span t-if="doc.partner_id.title" t-field="doc.partner_id.title"/> <span t-field="doc.partner_id"/>
                            </t>
                        </div>
                        <address t-field="doc.partner_id" style="margin-bottom:0px;" t-field-options='{"widget": "contact", "fields":["address","phone","email","website"],"no_marker": false}'/>
                        <span t-if="doc.partner_id.vat">VAT: <span t-field="doc.partner_id.vat"/></span>
                    </div>
                    <div t-attf-class="#{div_class}" t-if="doc.partner_shipping_id and doc.partner_shipping_id != doc.partner_id">
                        <span t-attf-style="font-size:{{style.body_font+6}}px;font-weight:bold;">Ship To:</span>
                        <address t-field="doc.partner_shipping_id" style="margin-bottom:0px;" 
                            t-field-options='{"widget": "contact", "fields":["name", "address","phone","email","website"],"no_marker": false}'/>
                        <span t-if="doc.partner_id.vat">VAT: <span t-field="doc.partner_id.vat"/></span>
                    </div>
                    <div t-attf-class="#{div_class}">
                        <ul> 
                            <div t-if="doc.name">
                                <strong t-if="doc.state not in ['draft','sent']" style="white-space:nowrap;">Order #</strong>
                                <strong t-if="doc.state in ['draft','sent']" style="white-space:nowrap;">Quotation #</strong>
                            </div>
                            <div t-if="doc.date_order">
                                <strong t-if="doc.state not in ['draft','sent']" style="white-space:nowrap;">Order Date:</strong>
                                <strong t-if="doc.state in ['draft','sent']" style="white-space:nowrap;">Quotation Date:</strong>
                            </div>
                            <div t-if="doc.state in ['draft','sent'] and doc.validity_date">
                                <strong style="white-space:nowrap;">Valid Until:</strong>
                            </div>
                            <div t-if="doc.sudo().user_id.name">
                                <strong style="white-space:nowrap;">Salesperson:</strong>
                            </div>
                            <div t-if="doc.fiscal_position_id">
                                <strong style="white-space:nowrap;">Fiscal Position:</strong>
                            </div>
                            <div t-if="doc.client_order_ref">
                                <strong style="white-space:nowrap;">Client Ref:</strong>
                            </div>
                        </ul> 
                    </div>
                    <div t-attf-class="#{div_class} text-right">
                        <ul> 
                            <div t-if="doc.name">
                                <span t-field="doc.name"/>
                            </div>
                            <div t-if="doc.date_order">
                                <span t-field="doc.date_order"/>
                            </div>
                            <div t-if="doc.state in ['draft','sent'] and doc.validity_date">
                                <span t-field="doc.validity_date"/>
                            </div>
                            <div t-if="doc.sudo().user_id.name">
                                <span t-field="doc.sudo().user_id.name"/>
                            </div>
                            <div t-if="doc.fiscal_position_id">
                                <span t-field="doc.fiscal_position_id"/>
                            </div>
                            <div t-if="doc.client_order_ref">
                                <span t-field="doc.client_order_ref"/>
                            </div>
                        </ul> 
                    </div>
                <!-- DATA-->
                <t t-call="professional_templates.order_lines"/>
                <!--/DATA-->
               </div><!--End of PAGE-->
                <!--FOOTER -->
            <div class="footer" t-attf-style="font-size:{{style.footer_font}}px !important;font-family:{{style.font_family}} !important;">
                <div class="col-xs-12 text-right" t-attf-style="color:{{style.theme_color}}">
                    <h4>Thank You.</h4>
                </div>
                <t t-call="professional_templates.company_footer"/>
            </div>
                <!--/FOOTER-->
    </template>

</data>
</openerp>
