<?xml version="1.0" encoding="utf-8"?>
<openerp>
  <data>
    <template id="DN_11_document" name="Clean Template">
        <!-- Multicompany -->
        <t t-if="o and 'company_id' in o">
            <t t-set="company" t-value="o.company_id"></t>
        </t>
        <t t-if="not o or not 'company_id' in o">
            <t t-set="company" t-value="res_company"></t>
        </t>
        <div class="header col-xs-12" t-attf-style="border:2px solid {{style.theme_color}};padding-bottom:0px; padding-left:0px; padding-right:0px; color:{{style.text_color}} !important;font-size:{{style.header_font}}px !important;font-family:{{style.font_family}} !important;">
            <t t-if="style.header">
            <div t-attf-class="col-xs-7 mt32">
                <t t-set="strong_style" t-value="'white-space:nowrap;'"/>
                <t t-set="div_style" t-value="'background-color:{}; color: {};padding:8px;width:auto;display:inline-block;margin-bottom:8px;margin-right:8px;'.format(style.theme_color,style.theme_txt_color)"/>
                    <div t-if="o.name" t-attf-style="{{div_style}}">
                        <strong t-attf-style="{{strong_style}}">Delivery Note #: </strong>
                        <span t-field="o.name"/>
                    </div>
                    <div t-if="o.picking_type_id" t-attf-style="{{div_style}}">
                        <strong  t-attf-style="{{strong_style}}">Origin: </strong>
                        <span t-field="o.picking_type_id"/>
                    </div>
                    <div t-if="o.scheduled_date" t-attf-style="{{div_style}}">
                        <strong t-attf-style="{{strong_style}}">Scheduled Date: </strong>
                        <span t-field="o.scheduled_date"/>
                    </div>
                    <div t-if="o.picking_type_id.code == 'outgoing' and o.carrier_id" t-attf-style="{{div_style}}">
                        <strong t-attf-style="{{strong_style}}">Carrier: </strong>
                        <span t-field="o.carrier_id"/>
                    </div>
                    <div t-if="o.origin" t-attf-style="{{div_style}}">
                        <strong t-attf-style="{{strong_style}}">Source Document: </strong>
                        <span t-field="o.origin"/>
                    </div>
                    <div t-if="o.weight" t-attf-style="{{div_style}}">
                        <strong t-attf-style="{{strong_style}}">Weight: </strong>
                        <span t-field="o.weight"/>
                    </div>
            </div>
            <div class="col-xs-5 pull-right" style="padding-right:0px;">
                <span t-if="style.logo">
                    <span itemprop="image" t-field="style.logo" t-field-options='{"widget": "image", "style": "float:right;"}'/>
                </span>
                <span t-if="not style.logo and company.logo">
                    <span itemprop="image" t-field="company.logo" t-field-options='{"widget": "image", "style": "float:right;"}'/>
                </span>
                <span t-if="not style.logo and not company.logo">
                    <span itemprop="image" t-field="company.logo" t-field-options='{"widget": "image", "style": "float:right;"}'/>
                </span>
                <div t-if="company.twitter or company.facebook or company.facebook" t-attf-style="background-color:{{style.theme_color}}; width:auto; float:right; padding-left:15px; color:{{style.theme_txt_color}}; padding-right:15px; padding-top:4px; padding-bottom:2px; margin-right:15px; white-space:nowrap;" class="pull-right mb8">
                    <span t-if="company.twitter" style="padding-left:0px;" class="fa fa-twitter-square "/>&#160;<span t-field="company.twitter"/>
                    <span t-if="company.facebook" style="padding-left:13px;" class="fa fa-facebook-square "/>&#160;<span t-field="company.facebook"/>
                    <span t-if="company.googleplus" style="padding-left:13px;" class="fa fa-google-plus-square "/>&#160;<span t-field="company.googleplus" />
                </div>
            </div>
        </t>
        </div> <!--end of Header-->
		<!-- START OF PAGE -->
                <div class="article page" t-attf-style="color:{{style.text_color}} !important;font-size:{{style.body_font}}px !important;font-family:{{style.font_family}} !important;">
<div class="col-xs-12" t-attf-style="white-space:pre-line;color:#{style.wm_color};left:#{style.leftpadding}mm; top:#{style.toppadding}mm;font-size:#{style.fontsize}px; opacity:#{style.opacity};z-index:-99; -webkit-transform:rotate(-#{style.rotate}deg);position:fixed;"><t t-esc="style.wm_eval(o, time, user, res_company)"/></div>
                    <t t-set="div_class" t-value="'col-xs-6'"></t>
                    <div t-attf-class="#{div_class}">
                        <span  t-attf-style="font-size:{{style.body_font+6}}px; font-weight:bold;">Customer Address:</span>
                        <div t-if="o.move_lines and o.move_lines[0].partner_id" t-attf-style="color:{{style.cust_color}};font-size:{{style.body_font+6}}px;font-weight:500;"> 
                            <t t-if="o.move_lines[0].partner_id.parent_id">
                                <span t-field="o.move_lines[0].partner_id.parent_id"/>, <span t-if="o.move_lines[0].partner_id.title" t-field="o.move_lines[0].partner_id.title"/> <span t-field="o.move_lines[0].partner_id.name"/>
                            </t>
                            <t t-if="not o.move_lines[0].partner_id.parent_id">
                                <span t-if="o.move_lines[0].partner_id.title" t-field="o.move_lines[0].partner_id.title"/> <span t-field="o.move_lines[0].partner_id"/>
                            </t>
                        </div>
                        <div t-if="not (o.move_lines and o.move_lines[0].partner_id) and o.partner_id" t-attf-style="color:{{style.cust_color}};font-size:{{style.body_font+6}}px;font-weight:500;"> 
                            <t t-if="o.partner_id.parent_id">
                                <span t-field="o.partner_id.parent_id"/>, <span t-if="o.partner_id.title" t-field="o.partner_id.title"/> <span t-field="o.partner_id.name"/>
                                </t>
                                <t t-if="not o.partner_id.parent_id">
                                <span t-if="o.partner_id.title" t-field="o.partner_id.title"/> <span t-field="o.partner_id"/>
                            </t>
                        </div>
                        <address t-if="o.move_lines and o.move_lines[0].partner_id" t-field="o.partner_id" style="margin-bottom:0px;" t-field-options='{"widget": "contact", "fields":["address","phone","email","website"],"no_marker": false}'/>
                        <address t-if="not (o.move_lines and o.move_lines[0].partner_id) and o.partner_id" t-field="o.partner_id" style="margin-bottom:0px;" t-field-options='{"widget": "contact", "fields":["address","phone","email","website"],"no_marker": false}'/>

                    </div>
                    <div t-attf-class="#{div_class} text-right" style="padding-bottom:2px;padding-left:0px;">
                        <div style="width:auto;padding-left:15px;">
                            <t t-call="professional_templates.company_address"/>
                        </div>
                    </div>
                <!-- DATA-->
                <t t-call="professional_templates.delivery_lines"/>
                <!--/DATA-->
               </div><!--End of PAGE-->
                <!--FOOTER -->
            <div class="footer" t-attf-style="font-size:{{style.footer_font}}px !important;font-family:{{style.font_family}} !important;">
                <t t-call="professional_templates.company_footer"/>
            </div>
                <!--/FOOTER-->
    </template>

</data>
</openerp>
