<?xml version="1.0" encoding="utf-8"?>
<openerp>
  <data>
    <template id="INVOICE_0_document" name="DL Envelope Template">
 <!-- Multicompany -->
                <t t-if="o and 'company_id' in o">
                    <t t-set="company" t-value="o.company_id"></t>
                </t>
                <t t-if="not o or not 'company_id' in o">
                    <t t-set="company" t-value="res_company"></t>
                </t>
                <div t-attf-style="padding-bottom:0mm; padding-left:0mm; padding-right:0mm; color:{{style.text_color}} !important;font-size:{{style.header_font}}px !important;font-family:{{style.font_family}} !important;" class="header col-xs-12">
                <t t-if="style.header">
                  <div class="col-xs-7" style="padding-left:0mm;">
                     <span t-if="style.logo">
			    <span itemprop="image" t-field="style.logo" t-field-options='{"widget": "image"}'/>
		     </span>
		     <span t-if="not style.logo and company.logo">
			    <span itemprop="image" t-field="company.logo" t-field-options='{"widget": "image"}'/>
		     </span>
		     <span t-if="not style.logo and not company.logo">
			    <span itemprop="image" t-field="company.logo" t-field-options='{"widget": "image"}'/>
		     </span>
                     <div t-if="company.twitter or company.facebook or company.googleplus" t-attf-style="background-color:{{style.theme_color}};width:auto;padding-left:4mm; color:{{style.theme_txt_color}}; padding-right:4mm; padding-top:4mm; padding-bottom:0.6mm;" class="pull-left">
                        <span t-if="company.twitter" style="padding-left:0mm;" class="fa fa-twitter-square "/>&#160;<span t-field="company.twitter"/>
                        <span t-if="company.facebook" style="padding-left:3.45mm;" class="fa fa-facebook-square "/>&#160;<span t-field="company.facebook"/>
                        <span t-if="company.googleplus" style="padding-left:3.45mm;" class="fa fa-google-plus-square "/>&#160;<span t-field="company.googleplus" />
                     </div>
                  </div>
                       <div class="col-xs-5 mb8 pull-right" style="padding-bottom:0.6mm;padding-right:0mm;">
                          <div class="pull-right" style="width:auto;padding-left:4mm;">
                                  <t t-call="professional_templates.company_address"/>
			  </div>
                       </div>
                </t>
                </div> <!--end of Header-->
		<!-- START OF PAGE -->
               <div class="article page" t-attf-style="color:{{style.text_color}} !important;font-size:{{style.body_font}}px !important;font-family:{{style.font_family}} !important;">
<div class="col-xs-12" t-attf-style="white-space:pre-line;color:#{style.wm_color};left:#{style.leftpadding}mm; top:#{style.toppadding}mm;font-size:#{style.fontsize}px; opacity:#{style.opacity};z-index:-99; -webkit-transform:rotate(-#{style.rotate}deg);position:fixed;"><t t-esc="style.wm_eval(o, time, user, res_company)"/></div>
                 <!--<div class="col-xs-3 pull-left" t-attf-style="background-color:{{style.theme_color}}; padding-top:0.6mm; padding-bottom:0.6mm; color:{{style.theme_txt_color}};font-size:{{style.body_font+2}}px;padding-left:18mm;">
                        <span><span class="fa fa-user "/>&#160;Customer</span>
                 </div>-->
		
                 <div class="col-xs-12 mt16" style="padding-left:0mm; padding-right:0mm;"><!--start of wrapper -->
                   <div class="col-xs-7 pull-left mt8" style="padding-left:18mm">
                            <div t-if="o.partner_id" t-attf-style="color:{{style.cust_color}}; margin-top:1.3mm; margin-bottom:0mm; margin-left:0mm;font-size:{{style.body_font+2}}px;"> 
			      <t t-if="o.partner_id.parent_id">
				<span t-field="o.partner_id.parent_id"/>, <span t-if="o.partner_id.title" t-field="o.partner_id.title"/> <span t-field="o.partner_id.name"/>
			      </t>
			      <t t-if="not o.partner_id.parent_id">
				<span t-if="o.partner_id.title" t-field="o.partner_id.title"/> <span t-field="o.partner_id"/>
			      </t>
			    </div>
			    <div style="white-space:nowrap;">
				<div>
				   <span t-if="o.partner_id.street" t-field="o.partner_id.street"/>
				</div>
				<div>
				   <span t-if="o.partner_id.street2" t-field="o.partner_id.street2"/>
				</div>
				<div>
				   <span t-if="o.partner_id.city" t-field="o.partner_id.city"/><span t-if="o.partner_id.city and o.partner_id.zip">, </span>
				   <span t-if="o.partner_id.zip" t-field="o.partner_id.zip"/>
				</div>
				<div>
				   <span t-if="o.partner_id.country_id" t-field="o.partner_id.country_id"/>
				</div>
				
			    </div>
                   </div>
                   <div class="col-xs-5 mt8 mb8 pull-right" t-attf-style="background-color:{{style.theme_color}}; color:{{style.theme_txt_color}};">
                           <h3 id="invoice_title">
                                <span t-if="o.type == 'out_invoice' and (o.state == 'open' or o.state == 'paid')">Invoice#</span>
                                <span t-if="o.type == 'out_invoice' and o.state == 'proforma2'">PRO-FORMA</span>
                                <span t-if="o.type == 'out_invoice' and o.state == 'draft'">Draft Invoice</span>
                                <span t-if="o.type == 'out_invoice' and o.state == 'cancel'">Cancelled Invoice</span>
                                <span t-if="o.type == 'out_refund'">Refund</span>
                                <span t-if="o.type == 'in_refund'">Supplier Refund</span>
                                <span t-if="o.type == 'in_invoice'">Supplier Invoice</span>
                                <span t-field="o.number"/>
                           </h3>
                           <t t-set="div_style" t-value="'color:{};font-size:{}px; padding-left:1mm; padding-right:4mm; width:auto;max-width:100%; 
                                float:left; margin-right:2.1mm;'.format(style.theme_txt_color,style.body_font+2)"></t>
                           <div t-if="o.date_invoice" t-attf-style="{{div_style}}">
                                 <strong style="white-space:nowrap;">Invoice Date:</strong>
                                <p t-field="o.date_invoice"/>
                           </div>
                           <div t-if="o.date_due" t-attf-style="{{div_style}}">
                                 <strong style="white-space:nowrap;">Due Date:</strong>
                                <p t-field="o.date_due"/>
                           </div>
                           <div t-if="o.origin" t-attf-style="{{div_style}}">
                                 <strong style="white-space:nowrap;">Source Doc:</strong>
                                <p t-field="o.origin"/>
                           </div>
                           <div t-if="o.fiscal_position_id" t-attf-style="{{div_style}}">
                                 <strong style="white-space:nowrap;">Fiscal Position:</strong>
                                <p t-field="o.fiscal_position_id"/>
                           </div>
                           <div t-if="o.name" t-attf-style="{{div_style}}">
                                 <strong style="white-space:nowrap;">Reference:</strong>
                                <p t-field="o.name"/>
                           </div>

                   </div>
                </div> <!--end of wrapper2-->
                <!-- DATA-->
                <t t-call="professional_templates.invoice_lines"/>
                <!--/DATA-->
               </div><!--End of PAGE-->
                <!--FOOTER -->
               <div class="footer" t-attf-style="font-size:{{style.footer_font}}px !important;font-family:{{style.font_family}} !important;">
                    <t t-call="professional_templates.company_footer"/>
               </div>
                <!--/FOOTER-->
   </template>
<template id="INVOICE_0_duplicate" inherit_id="INVOICE_0_document" primary="True" name="Dl Envelope Duplicate">
    <xpath expr="//h3[@id='invoice_title']" position="replace">
        <h3>
            <span>Duplicate </span>
            <span t-field="o.number"/>
        </h3>
    </xpath>
</template>

</data>
</openerp>
