<?xml version="1.0" encoding="utf-8"?>
<openerp>
   <data>

      <template id="INVOICE_5_document" name="Odoo Template">
       <t t-call="account.report_invoice_document" t-lang="o.partner_id.lang"/>
     </template>

    <template id="INVOICE_5_duplicate" name="Odoo Duplicate">
   <t t-call="account.account_invoice_report_duplicate" t-lang="o.partner_id.lang"/>
 </template>

<!--This template is to take care of duplicates priting for invoices already validated before installation of this module -->
 <template id="account.report_invoice_duplicate" name="Odoo Duplicate">
     <t t-call="account.account_invoice_report_duplicate" t-lang="o.partner_id.lang"/>
 </template>

</data>
</openerp>

